Image URL,Image Title,Country,Link Text,Link URL,Title,Sub Title,Content Text
https://sseinitiative.org/wp-content/uploads/2020/01/ASEAN-wpcf_32x32.png,ASEAN,ASEAN,ASEAN Green Bond Label (2017),https://sseinitiative.org/securities-regulator/asean-green-bond-label/,ASEAN,ASEAN Green Bond Label (2017),"About the SSE Regulator Database ➞
ASEAN
ASEAN Green Bond Label (2017)
The ASEAN Capital Markets Forum (ACMF), a forum of capital market regulators from the ASEAN region, released the ASEAN Green Bond Standards in 2017. These standards, which are based on the International Capital Market Association (ICMA) Green Bond Principles, provide guidance on the implementation of the ICMA principles and seek to promote transparency and consistency in the ASEAN green bond market. The ASEAN Green Bond Label is to be used only for issuers and projects in the region, and the standards specifically exclude fossil fuel related projects.

Similar Posts
Croatia
Guidelines for the Preparation and Disclosure of ESG Relevant Issuer Information

The Guidelines for the Preparation and Disclosure of ESG Relevant Issuer Information are intended for issuers on the regulated market of …

Brazil
Sustainable CVM: The impact of your investments (2020)

The Securities and Exchange Commission (CVM) launched the “Sustainable CVM Series”, a new series of guidance documents on sustainable finance. In …"
https://sseinitiative.org/wp-content/uploads/2020/01/ASEAN-wpcf_32x32.png,ASEAN,ASEAN,ASEAN Green Bond Standards Roundtable (2018),https://sseinitiative.org/securities-regulator/asean-green-bond-standards-roundtable-2018/,ASEAN,ASEAN Green Bond Standards Roundtable (2018),"About the SSE Regulator Database ➞
ASEAN
ASEAN Green Bond Standards Roundtable (2018)
The ASEAN Capital Markets Forum (ACMF), as an Observer to the International Capital Market Association Green and Social Bond Principles and Sustainability Bond Guidelines, promotes sustainable finance in the ASEAN region. The inaugural ASEAN Green Bond Standards Roundtable was held in Vietnam in March 2018, bringing together banks, securities firms and fund management companies. Similar Roundtables will be held throughout the region to raise awareness and to encourage greater adoption of the ASEAN Green Bond Standards. In its efforts to profile the ASEAN Green Bond Standards, ACMF has participated in various international and regional conferences and makes a list of ASEAN Green Bond issuers available on its website.

Similar Posts
Croatia
Guidelines for the Preparation and Disclosure of ESG Relevant Issuer Information

The Guidelines for the Preparation and Disclosure of ESG Relevant Issuer Information are intended for issuers on the regulated market of …

Brazil
Sustainable CVM: The impact of your investments (2020)

The Securities and Exchange Commission (CVM) launched the “Sustainable CVM Series”, a new series of guidance documents on sustainable finance. In …"
https://sseinitiative.org/wp-content/uploads/2019/07/australia-wpcf_32x32.png,australia,Australia,Guide on Investment Governance (2013),https://sseinitiative.org/securities-regulator/guide-on-investment-governance-2013/,Australia,Guide on Investment Governance (2013),"About the SSE Regulator Database ➞
Australia
Guide on Investment Governance (2013)
The Australian Prudential Regulation Authority’s Guide on Investment Governance, SPG 530, allows super funds to offer ‘ethical’ investment options (characterised by an added focus on ESG considerations, or the integration of such considerations into investment strategy and supporting analysis). Such options should be in the best interests of beneficiaries, and should satisfy legal requirements on liquidity, valuation and other relevant investment factors.

Similar Posts
Croatia
Guidelines for the Preparation and Disclosure of ESG Relevant Issuer Information

The Guidelines for the Preparation and Disclosure of ESG Relevant Issuer Information are intended for issuers on the regulated market of …

Brazil
Sustainable CVM: The impact of your investments (2020)

The Securities and Exchange Commission (CVM) launched the “Sustainable CVM Series”, a new series of guidance documents on sustainable finance. In …"
https://sseinitiative.org/wp-content/uploads/2019/08/brazil-wpcf_32x32.png,brazil,Brazil,Code of Best Practices of Corporate Governance (2016),https://sseinitiative.org/securities-regulator/code-of-best-practices-of-corporate-governance/,Brazil,Code of Best Practices of Corporate Governance (2016),"About the SSE Regulator Database ➞
Brazil
Code of Best Practices of Corporate Governance (2016)
Principle 2.1 of the Code of Best Practices of Corporate Governance, issued by Instituto Brasileiro de Governança Corporativa (IBGC, the Brazilian Institute of Corporate Governance), states that company boards must pay attention to the company’s social and environmental impacts. Specifically, when developing business strategy, boards should pay attention to these issues and how they might affect the company’s sustainability and ability to create value in the long term. In addition, assessments of the performance of the Chairperson and the board should be based on financial and non-financial targets (including environmental, social and governance aspects).

Similar Posts
Croatia
Guidelines for the Preparation and Disclosure of ESG Relevant Issuer Information

The Guidelines for the Preparation and Disclosure of ESG Relevant Issuer Information are intended for issuers on the regulated market of …

Brazil
Sustainable CVM: The impact of your investments (2020)

The Securities and Exchange Commission (CVM) launched the “Sustainable CVM Series”, a new series of guidance documents on sustainable finance. In …"
https://sseinitiative.org/wp-content/uploads/2019/08/brazil-wpcf_32x32.png,brazil,Brazil,Disclosure reference form (2009),https://sseinitiative.org/securities-regulator/disclosure-reference-form-2009/,Brazil,Disclosure reference form (2009),"About the SSE Regulator Database ➞
Brazil
Disclosure reference form (2009)
Under Rule CVM 48061 issued by the Brazilian Securities and Exchange Commission (CVM), Brazilian companies must submit a Reference Form to CVM. Amongst other information, companies are required to provide information in these forms on relevant socio-environmental risk factors, on their environmental policy, on the costs of compliance with environmental regulation, and on their adherence to the Code of Best Practices of Corporate Governance issued by the Brazilian Institute of Corporate Governance (IBGC). This form must be updated annually. Certain companies are also required to make their Reference Form available on their company websites.

Similar Posts
Croatia
Guidelines for the Preparation and Disclosure of ESG Relevant Issuer Information

The Guidelines for the Preparation and Disclosure of ESG Relevant Issuer Information are intended for issuers on the regulated market of …

Brazil
Sustainable CVM: The impact of your investments (2020)

The Securities and Exchange Commission (CVM) launched the “Sustainable CVM Series”, a new series of guidance documents on sustainable finance. In …"
https://sseinitiative.org/wp-content/uploads/2019/08/brazil-wpcf_32x32.png,brazil,Brazil,Laboratory of Financial Innovation (2017),https://sseinitiative.org/securities-regulator/laboratory-of-financial-innovation-2017/,Brazil,Laboratory of Financial Innovation (2017),"About the SSE Regulator Database ➞
Brazil
Laboratory of Financial Innovation (2017)
In Brazil in 2017, the Laboratory of Financial Innovation (LAB) was established to bring public and private entities together to create and develop financial instruments and solutions focused on sustainable development. The initiative is led by the Inter-American Development Bank in partnership with the Brazilian Securities and Exchange Commission (CVM) and the Brazilian Development Association. The LAB has organised its working groups around four main themes: green bonds; green finance; financial instruments for social impact; and fintech.

Similar Posts
Croatia
Guidelines for the Preparation and Disclosure of ESG Relevant Issuer Information

The Guidelines for the Preparation and Disclosure of ESG Relevant Issuer Information are intended for issuers on the regulated market of …

Brazil
Sustainable CVM: The impact of your investments (2020)

The Securities and Exchange Commission (CVM) launched the “Sustainable CVM Series”, a new series of guidance documents on sustainable finance. In …"
https://sseinitiative.org/wp-content/uploads/2019/08/brazil-wpcf_32x32.png,brazil,Brazil,Pension fund regulation (2018),https://sseinitiative.org/securities-regulator/pension-fund-regulation/,Brazil,Pension fund regulation (2018),"About the SSE Regulator Database ➞
Brazil
Pension fund regulation (2018)
In 2018, Banco Central do Brasil, Brazil’s central bank, introduced new regulations requiring local pension funds to consider ESG factors whenever possible, an evolution of the previous rule, introduced in 2009, that required their investment policies to mention if principles of environmental and social responsibility had been considered.

Similar Posts
Croatia
Guidelines for the Preparation and Disclosure of ESG Relevant Issuer Information

The Guidelines for the Preparation and Disclosure of ESG Relevant Issuer Information are intended for issuers on the regulated market of …

Brazil
Sustainable CVM: The impact of your investments (2020)

The Securities and Exchange Commission (CVM) launched the “Sustainable CVM Series”, a new series of guidance documents on sustainable finance. In …"
https://sseinitiative.org/wp-content/uploads/2019/08/brazil-wpcf_32x32.png,brazil,Brazil,Sustainability Guide (2017),https://sseinitiative.org/securities-regulator/sustainability-guide-2017/,Brazil,Sustainability Guide (2017),"About the SSE Regulator Database ➞
Brazil
Sustainability Guide (2017)
In October 2017, the Brazilian stock exchange B3, with the support of the Brazilian Association of Financial and Capital Markets Entities (ANBIMA), the Central Bank of Brazil (Bacen) and the Brazilian Securities and Exchange Commission, among others, launched the Sustainability Guide: Business Opportunity in the Intermediation Sector. It aims to foster a debate on sustainability in the Brazilian intermediation sector and to encourage brokers, dealers and banks that operate in the markets managed by the stock exchange to integrate ESG issues into their processes and products, and into their relationships with their customers.

Similar Posts
Croatia
Guidelines for the Preparation and Disclosure of ESG Relevant Issuer Information

The Guidelines for the Preparation and Disclosure of ESG Relevant Issuer Information are intended for issuers on the regulated market of …

Brazil
Sustainable CVM: The impact of your investments (2020)

The Securities and Exchange Commission (CVM) launched the “Sustainable CVM Series”, a new series of guidance documents on sustainable finance. In …"
https://sseinitiative.org/wp-content/uploads/2019/08/brazil-wpcf_32x32.png,brazil,Brazil,Sustainable CVM: The impact of your investments (2020),https://sseinitiative.org/securities-regulator/sustainable-cvm-the-impact-of-your-investments/,Brazil,Sustainable CVM: The impact of your investments (2020),"About the SSE Regulator Database ➞
Brazil
Sustainable CVM: The impact of your investments (2020)
The Securities and Exchange Commission (CVM) launched the “Sustainable CVM Series”, a new series of guidance documents on sustainable finance. In this first volume, the impact of your investments, the Regulator presents a guide focused on the inclusion of ESG (Environmental, Social and Governance) issues with respect to citizen’s investment decision making.

Similar Posts
Croatia
Guidelines for the Preparation and Disclosure of ESG Relevant Issuer Information

The Guidelines for the Preparation and Disclosure of ESG Relevant Issuer Information are intended for issuers on the regulated market of …

United Kingdom of Great Britain and Northern Ireland
Analysis of regulatory roadblocks (2018)

The UK Financial Conduct Authority (FCA) has analysed whether there are any barriers in its rules that could hold back the …"
https://sseinitiative.org/wp-content/uploads/2019/08/canada-wpcf_32x32.png,canada,Canada,Review of issuers’ disclosures of the risks and financial impacts (2018),https://sseinitiative.org/securities-regulator/review-of-issuers-disclosures-of-the-risks-and-financial-impacts-2018/,Canada,Review of issuers’ disclosures of the risks and financial impacts (2018),"About the SSE Regulator Database ➞
Canada
Review of issuers’ disclosures of the risks and financial impacts (2018)
In 2018, the Canadian Securities Administrators (CSA) released the findings of a review of issuers’ disclosures of the risks and financial impacts associated with climate change. Based on this review, it expects to develop guidance and educational initiatives for issuers on the potential financial impacts of climate change, to consider new disclosure requirements regarding corporate governance and climate change, and to continue to monitor issuers’ disclosures and the evolution of reporting frameworks and best practices.

Similar Posts
Croatia
Guidelines for the Preparation and Disclosure of ESG Relevant Issuer Information

The Guidelines for the Preparation and Disclosure of ESG Relevant Issuer Information are intended for issuers on the regulated market of …

Brazil
Sustainable CVM: The impact of your investments (2020)

The Securities and Exchange Commission (CVM) launched the “Sustainable CVM Series”, a new series of guidance documents on sustainable finance. In …"
https://sseinitiative.org/wp-content/uploads/2019/08/canada-wpcf_32x32.png,canada,Canada,Reviews of issuers’ disclosures (2017),https://sseinitiative.org/securities-regulator/reviews-of-issuers-disclosures/,Canada,Reviews of issuers’ disclosures (2017),"About the SSE Regulator Database ➞
Canada
Reviews of issuers’ disclosures (2017)
All Canadian jurisdictions perform full and issue-oriented reviews of issuers’ disclosures. For example, in its 2017 review, the Alberta Securities Commission (ASC) assessed, among other topics, corporate compliance with disclosure requirements relating to the representation of women on boards and in executive officer roles. It also provided examples of corporate disclosures that met and did not meet its requirements.

Similar Posts
Croatia
Guidelines for the Preparation and Disclosure of ESG Relevant Issuer Information

The Guidelines for the Preparation and Disclosure of ESG Relevant Issuer Information are intended for issuers on the regulated market of …

Brazil
Sustainable CVM: The impact of your investments (2020)

The Securities and Exchange Commission (CVM) launched the “Sustainable CVM Series”, a new series of guidance documents on sustainable finance. In …"
https://sseinitiative.org/wp-content/uploads/2019/08/canada-wpcf_32x32.png,canada,Canada,Staff Notice on environmental reporting (2010),https://sseinitiative.org/securities-regulator/staff-notice-on-environmental-reporting-2010/,Canada,Staff Notice on environmental reporting (2010),"About the SSE Regulator Database ➞
Canada
Staff Notice on environmental reporting (2010)
In 2010, the Canadian Securities Administrators (CSA) issued a Staff Notice on environmental reporting. The notice provided guidance on the information that needed to be reported about environmental matters, on how issuers might assess whether specific environmental issues are financially material or not, and on what supplementary disclosures might be provided by issuers. It suggested that issuers should report on risk oversight and management processes, including details of the environmental policies that have been adopted and how the implementation of them is overseen by the issuer’s board.

Similar Posts
Croatia
Guidelines for the Preparation and Disclosure of ESG Relevant Issuer Information

The Guidelines for the Preparation and Disclosure of ESG Relevant Issuer Information are intended for issuers on the regulated market of …

Brazil
Sustainable CVM: The impact of your investments (2020)

The Securities and Exchange Commission (CVM) launched the “Sustainable CVM Series”, a new series of guidance documents on sustainable finance. In …"
https://sseinitiative.org/wp-content/uploads/2019/08/chile-wpcf_32x32.png,chile,Chile,General Rules on disclosure (2017),https://sseinitiative.org/securities-regulator/general-rules-on-disclosure-2017/,Chile,General Rules on disclosure (2017),"About the SSE Regulator Database ➞
Chile
General Rules on disclosure (2017)
The Chilean Superintendency of Securities and Insurance has issued General Rules No. 385 and 386 to encourage improvements in the disclosures made by issuers on matters of corporate governance, corporate social responsibility and sustainable development. Rule No. 385 encourages companies to disclose information to shareholders and to the general public regarding their corporate social responsibility and sustainable development policies and practices and their effectiveness. Rule No. 386 encourages companies, on a comply-or-explain basis, to provide specified information regarding their corporate social responsibility and sustainable development in the company’s annual report.

Similar Posts
Croatia
Guidelines for the Preparation and Disclosure of ESG Relevant Issuer Information

The Guidelines for the Preparation and Disclosure of ESG Relevant Issuer Information are intended for issuers on the regulated market of …

Brazil
Sustainable CVM: The impact of your investments (2020)

The Securities and Exchange Commission (CVM) launched the “Sustainable CVM Series”, a new series of guidance documents on sustainable finance. In …"
https://sseinitiative.org/wp-content/uploads/2019/08/china-wpcf_32x32.png,china,China,Bond issuer disclosure standards (2017),https://sseinitiative.org/securities-regulator/bond-issuer-disclosure-standards-2017/,China,Bond issuer disclosure standards (2017),"About the SSE Regulator Database ➞
China
Bond issuer disclosure standards (2017)
The China Securities Regulatory Commission (CSRC), in collaboration with China’s Ministry of Ecology and Environment (previously the Ministry of Environmental Protection), plans to introduce requirements for all listed companies and bond issuers to disclose, by 2020, the environmental risks associated with their operations (Source). In December 2017, CSRC issued standards for the content and format of the information provided in the semi-annual and annual reports produced by listed companies.

These standards include requirements for companies to report on relevant ESG matters. The requirements are mandatory for key polluters and apply on a comply-or-explain basis for all other listed companies, although these requirements will become mandatory for all listed companies in 2020.

It is also relevant to note that China’s Guidelines for Establishing the Green Financial System (clause 17) encourage securities regulators to increase the penalties for listed enterprises and bond issuers that falsify environmental information.

Similar Posts
Croatia
Guidelines for the Preparation and Disclosure of ESG Relevant Issuer Information

The Guidelines for the Preparation and Disclosure of ESG Relevant Issuer Information are intended for issuers on the regulated market of …

Brazil
Sustainable CVM: The impact of your investments (2020)

The Securities and Exchange Commission (CVM) launched the “Sustainable CVM Series”, a new series of guidance documents on sustainable finance. In …"
https://sseinitiative.org/wp-content/uploads/2019/08/china-wpcf_32x32.png,china,China,Guidelines for Establishing the Green Financial System (2016),https://sseinitiative.org/securities-regulator/guidelines-for-establishing-the-green-financial-system/,China,Guidelines for Establishing the Green Financial System (2016),"About the SSE Regulator Database ➞
China
Guidelines for Establishing the Green Financial System (2016)
In 2016, the People’s Bank of China (PBoC), along with six other government agencies including the China Securities Regulatory Commission (CSRC), issued Guidelines for Establishing the Green Financial System. The Guidelines, which form part of the Chinese government’s wider efforts to support the development of an ecological civilisation, aim to promote sustainable development, establish a green financial system, and improve the functioning of the capital market in allocating resources and servicing the real economy.

The guidelines explicitly discuss the role of the securities market in supporting green investment. They recommend improvements in the rules and regulations for green bonds, reductions in the financing costs of green bonds, the formulation of standards for third-party verification of green bonds and green credit ratings, support for the development of green bond indexes, green equity indexes and related products, and encouragement for institutional investors such as pension and insurance funds to make green investments.

Similar Posts
Croatia
Guidelines for the Preparation and Disclosure of ESG Relevant Issuer Information

The Guidelines for the Preparation and Disclosure of ESG Relevant Issuer Information are intended for issuers on the regulated market of …

Brazil
Sustainable CVM: The impact of your investments (2020)

The Securities and Exchange Commission (CVM) launched the “Sustainable CVM Series”, a new series of guidance documents on sustainable finance. In …"
https://sseinitiative.org/wp-content/uploads/2019/08/china-wpcf_32x32.png,china,China,Guidelines on Green Bond Certification (2017),https://sseinitiative.org/securities-regulator/guidelines-on-green-bond-certification-2017/,China,Guidelines on Green Bond Certification (2017),"About the SSE Regulator Database ➞
China
Guidelines on Green Bond Certification (2017)
In December 2017, the Peobles Bank of China (PBoC) and China Securities Regulatory Commission (CSRC) released their Guidelines on Green Bond Certification (provisional). Their aim is to ensure the credibility of the green bonds process through ensuring the quality and credibility of the certification process, through harmonising standards used in the certification process, and through ensuring the issued bonds continue to comply with relevant green bond standards and requirements.

Similar Posts
Croatia
Guidelines for the Preparation and Disclosure of ESG Relevant Issuer Information

The Guidelines for the Preparation and Disclosure of ESG Relevant Issuer Information are intended for issuers on the regulated market of …

Brazil
Sustainable CVM: The impact of your investments (2020)

The Securities and Exchange Commission (CVM) launched the “Sustainable CVM Series”, a new series of guidance documents on sustainable finance. In …"
https://sseinitiative.org/wp-content/uploads/2019/08/china-wpcf_32x32.png,china,China,Principles of Responsible Ownership (2016),https://sseinitiative.org/securities-regulator/principles-of-responsible-ownership-2016/,China,Principles of Responsible Ownership (2016),"About the SSE Regulator Database ➞
China
Principles of Responsible Ownership (2016)
In March 2016, the Hong Kong Securities and Futures Commission introduced its Principles of Responsible Ownership. These are voluntary, non-binding principles and guidance to assist investors to determine how best to meet their ownership responsibilities. They state that investors’ ownership responsibilities include voting, monitoring and engaging with companies on matters such as strategy, performance, risk, capital structure and corporate governance. The principles also state that investors should encourage their investee companies to have policies on ESG issues and should engage with these companies on significant ESG issues “that have the potential to impact on the companies’ goodwill, reputation and performance.”

Similar Posts
Croatia
Guidelines for the Preparation and Disclosure of ESG Relevant Issuer Information

The Guidelines for the Preparation and Disclosure of ESG Relevant Issuer Information are intended for issuers on the regulated market of …

Brazil
Sustainable CVM: The impact of your investments (2020)

The Securities and Exchange Commission (CVM) launched the “Sustainable CVM Series”, a new series of guidance documents on sustainable finance. In …"
https://sseinitiative.org/wp-content/uploads/2019/08/china-wpcf_32x32.png,china,China,Shanghai Exchange vision and action plan for supporting green development (2018),https://sseinitiative.org/securities-regulator/shanghai-exchange-vision-and-action-plan-for-supporting-green-development/,China,Shanghai Exchange vision and action plan for supporting green development (2018),"About the SSE Regulator Database ➞
China
Shanghai Exchange vision and action plan for supporting green development (2018)
In 2018, the Shanghai Stock Exchange published its Vision and Action Plan for Supporting Green Development and Promoting Green Finance, which included commitments to strengthen the support of the stock market for green development, proactively develop green bonds, and advance green investment.

Similar Posts
Croatia
Guidelines for the Preparation and Disclosure of ESG Relevant Issuer Information

The Guidelines for the Preparation and Disclosure of ESG Relevant Issuer Information are intended for issuers on the regulated market of …

Brazil
Sustainable CVM: The impact of your investments (2020)

The Securities and Exchange Commission (CVM) launched the “Sustainable CVM Series”, a new series of guidance documents on sustainable finance. In …"
https://sseinitiative.org/wp-content/uploads/2019/08/croatia-wpcf_32x32.png,croatia,Croatia,Guidelines for the Preparation and Disclosure of ESG Relevant Issuer Information,https://sseinitiative.org/securities-regulator/guidelines-for-the-preparation-and-disclosure-of-esg-relevant-issuer-information/,Croatia,Guidelines for the Preparation and Disclosure of ESG Relevant Issuer Information,"About the SSE Regulator Database ➞
Croatia
Guidelines for the Preparation and Disclosure of ESG Relevant Issuer Information
The Guidelines for the Preparation and Disclosure of ESG Relevant Issuer Information are intended for issuers on the regulated market of the Republic of Croatia subject to non-financial disclosure requirements pursuant to Articles 21a and 24a of the Accounting Act, but also for those who decide to disclose non-financial statements pursuant to Article 21 of the Accounting Act on a voluntary basis.

The Regulation is oriented towards environmentally sustainable objectives exclusively and prescribes direct obligations, with the following being applicable to issuers:
– obligation to disclose information for issuers of corporate bonds that are made available as environmentally sustainable and
– disclosure obligation for all entities subject to non-financial reporting requirements under the NFRD (Articles 21a and 24a of the Accounting Act) as regards how and to what extent their activities are related with economic activities qualifying as environmentally sustainable.

Similar Posts
Brazil
Sustainable CVM: The impact of your investments (2020)

The Securities and Exchange Commission (CVM) launched the “Sustainable CVM Series”, a new series of guidance documents on sustainable finance. In …

United Kingdom of Great Britain and Northern Ireland
Analysis of regulatory roadblocks (2018)

The UK Financial Conduct Authority (FCA) has analysed whether there are any barriers in its rules that could hold back the …"
https://sseinitiative.org/wp-content/uploads/2019/10/european-union-wpcf_32x32.png,european-union,European Union,Encouraging long-term shareholder engagement (2017),https://sseinitiative.org/securities-regulator/encouraging-long-term-shareholder-engagement-2017/,European Union,Encouraging long-term shareholder engagement (2017),"About the SSE Regulator Database ➞
European Union
Encouraging long-term shareholder engagement (2017)
In 2017, the European Union adopted Directive (EU) 2017/82887 to amend and update Directive 2007/36/EC as regards the encouragement of long-term shareholder engagement (the Shareholders’ Rights Directive). The amendments include providing shareholders with the right to vote on the remuneration policy of the directors of their company, and requiring institutional investors and asset managers to either to develop and publicly disclose a policy on shareholder engagement or explain why they have chosen not to do so. The scope of the engagement policy should include strategy, financial and non-financial performance, risk management, social and environmental impact and corporate governance.

Similar Posts
Croatia
Guidelines for the Preparation and Disclosure of ESG Relevant Issuer Information

The Guidelines for the Preparation and Disclosure of ESG Relevant Issuer Information are intended for issuers on the regulated market of …

Brazil
Sustainable CVM: The impact of your investments (2020)

The Securities and Exchange Commission (CVM) launched the “Sustainable CVM Series”, a new series of guidance documents on sustainable finance. In …"
https://sseinitiative.org/wp-content/uploads/2019/10/european-union-wpcf_32x32.png,european-union,European Union,Proposing regulation on disclosure relating to sustainable investment and sustainability risks (2018),https://sseinitiative.org/securities-regulator/proposing-regulation-on-disclosure-relating-to-sustainable-investment-and-sustainability-risks/,European Union,Proposing regulation on disclosure relating to sustainable investment and sustainability risks (2018),"About the SSE Regulator Database ➞
European Union
Proposing regulation on disclosure relating to sustainable investment and sustainability risks (2018)
The European Commission, building on the HLEG recommendations, has issued a proposal for a regulation on disclosures relating to sustainable investment and sustainability risks. The proposed regulation sets out harmonised transparency rules for financial market participants, insurance intermediaries and investment firms, requiring them to publish information on how they integrate sustainability risks into their investment decisions, on the extent to which sustainability risks are expected to affect the investment returns of the financial products in question, and on how their remuneration policies are consistent with the integration of sustainability risks and are in line with the sustainable investment target of the financial product.

Similar Posts
Croatia
Guidelines for the Preparation and Disclosure of ESG Relevant Issuer Information

The Guidelines for the Preparation and Disclosure of ESG Relevant Issuer Information are intended for issuers on the regulated market of …

Brazil
Sustainable CVM: The impact of your investments (2020)

The Securities and Exchange Commission (CVM) launched the “Sustainable CVM Series”, a new series of guidance documents on sustainable finance. In …"
https://sseinitiative.org/wp-content/uploads/2019/10/european-union-wpcf_32x32.png,european-union,European Union,Technical Expert Group on Sustainable Finance (2018),https://sseinitiative.org/securities-regulator/technical-expert-group-on-sustainable-finance-2018/,European Union,Technical Expert Group on Sustainable Finance (2018),"About the SSE Regulator Database ➞
European Union
Technical Expert Group on Sustainable Finance (2018)
In 2018, the European Commission published a proposal to develop a regulation to establish a framework and uniform criteria for determining whether an economic activity is environmentally sustainable. The proposal is seen as providing economic actors and investors with clarity on which activities are considered sustainable in order to inform their investment decisions. The Commission has established a Technical Expert Group on Sustainable Finance to assist it in developing the taxonomy, in creating an EU green bond standard, in improving the disclosure of climate-related information and in developing a category of low-carbon indexes.

Similar Posts
Croatia
Guidelines for the Preparation and Disclosure of ESG Relevant Issuer Information

The Guidelines for the Preparation and Disclosure of ESG Relevant Issuer Information are intended for issuers on the regulated market of …

Brazil
Sustainable CVM: The impact of your investments (2020)

The Securities and Exchange Commission (CVM) launched the “Sustainable CVM Series”, a new series of guidance documents on sustainable finance. In …"
https://sseinitiative.org/wp-content/uploads/2019/08/france-wpcf_32x32.png,france,France,Annual Report requirements (2016),https://sseinitiative.org/securities-regulator/annual-report-requirements-2016/,France,Annual Report requirements (2016),"About the SSE Regulator Database ➞
France
Annual Report requirements (2016)
Article 173 of the French Energy Transition Law, which came into force on 1 January 2016, requires publicly listed companies to disclose in their annual reports (a) financial risks related to the effects of climate change, (b) the measures adopted by the company to reduce these risks, and (c) the effects of climate change on the company’s activities and on the use of the goods and services it produces. These requirements are in addition to previously introduced mandatory reporting requirements on the social and environmental consequences of the company’s activities.

Similar Posts
Croatia
Guidelines for the Preparation and Disclosure of ESG Relevant Issuer Information

The Guidelines for the Preparation and Disclosure of ESG Relevant Issuer Information are intended for issuers on the regulated market of …

Brazil
Sustainable CVM: The impact of your investments (2020)

The Securities and Exchange Commission (CVM) launched the “Sustainable CVM Series”, a new series of guidance documents on sustainable finance. In …"
https://sseinitiative.org/wp-content/uploads/2019/08/france-wpcf_32x32.png,france,France,Regulation for institutional investors (2016),https://sseinitiative.org/securities-regulator/regulation-for-institutional-investors-2016/,France,Regulation for institutional investors (2016),"About the SSE Regulator Database ➞
France
Regulation for institutional investors (2016)
Under Article 173-VI of the French Energy Transition Act, institutional investors must provide information on how they integrate ESG factors in their investment and voting decisions, on the climate risks they face, and on how their portfolio construction contributes to the transition to a low-carbon economy.

Similar Posts
Croatia
Guidelines for the Preparation and Disclosure of ESG Relevant Issuer Information

The Guidelines for the Preparation and Disclosure of ESG Relevant Issuer Information are intended for issuers on the regulated market of …

Brazil
Sustainable CVM: The impact of your investments (2020)

The Securities and Exchange Commission (CVM) launched the “Sustainable CVM Series”, a new series of guidance documents on sustainable finance. In …"
https://sseinitiative.org/wp-content/uploads/2019/10/global-wpcf_32x32.png,global,Global,IOSCO dialogue on role of regulators in sustainable investment (2018),https://sseinitiative.org/securities-regulator/iosco-dialogue-on-role-of-regulators-in-sustainable-investment/,Global,IOSCO dialogue on role of regulators in sustainable investment (2018),"About the SSE Regulator Database ➞
Global
IOSCO dialogue on role of regulators in sustainable investment (2018)
In July 2018, International Organization of Securities Commissions (IOSCO) convened a group of regulators, stock exchanges, investors, issuers, financial services providers, civil society and international organisations to discuss the role securities regulators have in encouraging sustainable investment. Convened by the IOSCO Growth and Emerging Markets Committee, the dialogue aimed to bring clarity to the committee’s work examining sustainable finance as part of its overall focus in analysing the role of securities markets in capital raising and sustainability issues.

Similar Posts
Croatia
Guidelines for the Preparation and Disclosure of ESG Relevant Issuer Information

The Guidelines for the Preparation and Disclosure of ESG Relevant Issuer Information are intended for issuers on the regulated market of …

Brazil
Sustainable CVM: The impact of your investments (2020)

The Securities and Exchange Commission (CVM) launched the “Sustainable CVM Series”, a new series of guidance documents on sustainable finance. In …"
https://sseinitiative.org/wp-content/uploads/2019/08/india-wpcf_32x32.png,india,India,Mandatory requirements for top companies (2012),https://sseinitiative.org/securities-regulator/mandatory-requirements-for-top-companies-2012/,India,Mandatory requirements for top companies (2012),"About the SSE Regulator Database ➞
India
Mandatory requirements for top companies (2012)
In August 2012, the Securities and Exchange Board of India (SEBI) introduced mandatory requirements for the top 100 companies (by market capitalisation) listed on India’s two main stock exchanges to publish Business Responsibility Reports in their annual reports. In December 2015, the scope was extended to the top 500 companies. The structure of the Business Responsibility Report is based on nine principles specified by SEBI, relating to issues such as business ethics, employee well-being, stakeholders, human rights, environmental protection and consumer responsibility.

In February 2017, SEBI issued a memorandum to the top 500 companies in India encouraging them to prepare an integrated report.65 The memorandum referenced Principle 16 of the IOSCO Objectives and Principles of Securities Regulations, stating: “There should be full, accurate and timely disclosure of financial results, risk and other information which is material to investors’ decisions.”

Similar Posts
Croatia
Guidelines for the Preparation and Disclosure of ESG Relevant Issuer Information

The Guidelines for the Preparation and Disclosure of ESG Relevant Issuer Information are intended for issuers on the regulated market of …

Brazil
Sustainable CVM: The impact of your investments (2020)

The Securities and Exchange Commission (CVM) launched the “Sustainable CVM Series”, a new series of guidance documents on sustainable finance. In …"
https://sseinitiative.org/wp-content/uploads/2019/08/indonesia-wpcf_32x32.png,indonesia,Indonesia,"Mandatory disclosure for financial institutions, issuers and public companies (2017)",https://sseinitiative.org/securities-regulator/mandatory-disclosure-for-financial-institutions-issuers-and-public-companies-2017/,Indonesia,"Mandatory disclosure for financial institutions, issuers and public companies (2017)","About the SSE Regulator Database ➞
Indonesia
Mandatory disclosure for financial institutions, issuers and public companies (2017)
In 2017, the Financial Services Authority Indonesia (OJK) issued Regulation No. 51/POJK.03/2017, making it mandatory for any financial institution, issuer and public company to prepare an annual sustainability report to accompany its annual report. The regulation will come into force on 1 January 2019.

Similar Posts
Croatia
Guidelines for the Preparation and Disclosure of ESG Relevant Issuer Information

The Guidelines for the Preparation and Disclosure of ESG Relevant Issuer Information are intended for issuers on the regulated market of …

Brazil
Sustainable CVM: The impact of your investments (2020)

The Securities and Exchange Commission (CVM) launched the “Sustainable CVM Series”, a new series of guidance documents on sustainable finance. In …"
https://sseinitiative.org/wp-content/uploads/2019/08/italy-wpcf_32x32.png,italy,Italy,Insurance supervisor regulation on ESG (2018),https://sseinitiative.org/securities-regulator/insurance-supervisor-regulation-on-esg-2018/,Italy,Insurance supervisor regulation on ESG (2018),"About the SSE Regulator Database ➞
Italy
Insurance supervisor regulation on ESG (2018)
In 2018, the Istituto per la Vigilanza Sulle Assicurazioni (IVASS), Italy’s insurance supervisory authority, issued Regulation no. 38/2018, relating to the corporate governance of companies and insurance groups. The regulation, which applies to the 103 companies supervised by IVASS, requires boards to take account of ESG factors in the development of corporate strategy and in risk management. It also encourages these companies to link executive remuneration to their ESG objectives.

Similar Posts
Croatia
Guidelines for the Preparation and Disclosure of ESG Relevant Issuer Information

The Guidelines for the Preparation and Disclosure of ESG Relevant Issuer Information are intended for issuers on the regulated market of …

Brazil
Sustainable CVM: The impact of your investments (2020)

The Securities and Exchange Commission (CVM) launched the “Sustainable CVM Series”, a new series of guidance documents on sustainable finance. In …"
https://sseinitiative.org/wp-content/uploads/2019/08/japan-wpcf_32x32.png,japan,Japan,Japanese Corporate Governance Code (2018),https://sseinitiative.org/securities-regulator/japanese-corporate-governance-code-2018/,Japan,Japanese Corporate Governance Code (2018),"About the SSE Regulator Database ➞
Japan
Japanese Corporate Governance Code (2018)
The Japanese Corporate Governance Code, which is overseen by a council jointly established by the Japanese Financial Services Agency and the Tokyo Stock Exchange, states that: “Companies should take appropriate measures to address sustainability issues, including social and environmental matters.” The Code also states that gender and international experience are important factors to ensure the diversity of company boards.

Similar Posts
Croatia
Guidelines for the Preparation and Disclosure of ESG Relevant Issuer Information

The Guidelines for the Preparation and Disclosure of ESG Relevant Issuer Information are intended for issuers on the regulated market of …

Brazil
Sustainable CVM: The impact of your investments (2020)

The Securities and Exchange Commission (CVM) launched the “Sustainable CVM Series”, a new series of guidance documents on sustainable finance. In …"
https://sseinitiative.org/wp-content/uploads/2019/08/japan-wpcf_32x32.png,japan,Japan,Japanese Stewardship Code (2017),https://sseinitiative.org/securities-regulator/japanese-stewardship-code-2017/,Japan,Japanese Stewardship Code (2017),"About the SSE Regulator Database ➞
Japan
Japanese Stewardship Code (2017)
The Japanese Stewardship Code states that institutional investors should have a clear policy on how they fulfil their stewardship responsibilities, and that these investors should monitor and constructively engage with investee companies with an orientation towards the sustainable growth of the companies. The factors to be considered in these processes “may include, for example, the investee companies’ governance, strategy, performance, capital structure, business risks and opportunities (including risks and opportunities arising from social and environmental matters), and how the companies address them”. Finally, institutional investors are expected to report on how they have implemented the Code.

The Japanese Financial Services Agency is responsible for monitoring the Stewardship Code, and for encouraging investment organisations to sign up to it. The code is not legally binding and is based on a ‘comply-or-explain’ approach where signatories comply with the principles of the code or explain why they do not comply.

Similar Posts
Croatia
Guidelines for the Preparation and Disclosure of ESG Relevant Issuer Information

The Guidelines for the Preparation and Disclosure of ESG Relevant Issuer Information are intended for issuers on the regulated market of …

Brazil
Sustainable CVM: The impact of your investments (2020)

The Securities and Exchange Commission (CVM) launched the “Sustainable CVM Series”, a new series of guidance documents on sustainable finance. In …"
https://sseinitiative.org/wp-content/uploads/2019/08/japan-wpcf_32x32.png,japan,Japan,Voluntary disclosure recommendations (2018),https://sseinitiative.org/securities-regulator/voluntary-disclosure-recommendations-2018/,Japan,Voluntary disclosure recommendations (2018),"About the SSE Regulator Database ➞
Japan
Voluntary disclosure recommendations (2018)
In 2018, the Disclosure Working Group of the Financial System Council (established under the Japanese Financial Services Agency, or FSA) recommended that Japanese companies should provide more information on their business strategies and should publish an extended management discussion and analysis section in their annual securities reports to enable investors to better understand the business and improve investment decision-making. The Working Group also recommended that Japanese companies be encouraged to voluntarily provide additional information, including on ESG factors.

Similar Posts
Croatia
Guidelines for the Preparation and Disclosure of ESG Relevant Issuer Information

The Guidelines for the Preparation and Disclosure of ESG Relevant Issuer Information are intended for issuers on the regulated market of …

Brazil
Sustainable CVM: The impact of your investments (2020)

The Securities and Exchange Commission (CVM) launched the “Sustainable CVM Series”, a new series of guidance documents on sustainable finance. In …"
https://sseinitiative.org/wp-content/uploads/2019/08/kenya-wpcf_32x32.png,kenya,Kenya,Green Bond Programme (2017),https://sseinitiative.org/securities-regulator/kenyas-green-bond-programme-2017/,Kenya,Green Bond Programme (2017),"About the SSE Regulator Database ➞
Kenya
Green Bond Programme (2017)
In 2017, the Kenya Bankers Association (KBA),  the Nairobi Securities Exchange, the Climate Bonds Initiative and Financial Sector Deepening Africa, in conjunction with the Dutch Development Bank (FMO) and the International Finance Corporation (IFC), launched Kenya’s Green Bond programme. The programme, which is coordinated by KBA under its  Sustainable Finance Initiative, is endorsed by the Central Bank of Kenya, the Capital Markets Authority (CMA) of Kenya and the  National Treasury. Kenya’s green bond guidelines are issued by the Nairobi Securities Exchange and approved by the CMA.

Similar Posts
Croatia
Guidelines for the Preparation and Disclosure of ESG Relevant Issuer Information

The Guidelines for the Preparation and Disclosure of ESG Relevant Issuer Information are intended for issuers on the regulated market of …

Brazil
Sustainable CVM: The impact of your investments (2020)

The Securities and Exchange Commission (CVM) launched the “Sustainable CVM Series”, a new series of guidance documents on sustainable finance. In …"
https://sseinitiative.org/wp-content/uploads/2019/08/kenya-wpcf_32x32.png,kenya,Kenya,Joint workshops and training on Code of Corporate Governance (2017),https://sseinitiative.org/securities-regulator/joint-workshops-and-training-on-code-of-corporate-governance-2017/,Kenya,Joint workshops and training on Code of Corporate Governance (2017),"About the SSE Regulator Database ➞
Kenya
Joint workshops and training on Code of Corporate Governance (2017)
The Institute of Certified Public Secretaries of Kenya, the Capital Markets Authority (CMA) and the International Finance Corporation held workshops for ICPSK-accredited governance auditors to facilitate the implementation of the Code of Corporate Governance Practices for Issuers of Securities to the Public, 2015 (the Kenyan Corporate Governance Code). The CMA also provided training to board members of listed companies on the Kenyan Corporate Governance and Stewardship Codes, both of which explicitly identify social and environmental issues as within the code’s scope.

Similar Posts
Croatia
Guidelines for the Preparation and Disclosure of ESG Relevant Issuer Information

The Guidelines for the Preparation and Disclosure of ESG Relevant Issuer Information are intended for issuers on the regulated market of …

Brazil
Sustainable CVM: The impact of your investments (2020)

The Securities and Exchange Commission (CVM) launched the “Sustainable CVM Series”, a new series of guidance documents on sustainable finance. In …"
https://sseinitiative.org/wp-content/uploads/2019/08/kenya-wpcf_32x32.png,kenya,Kenya,Kenyan Companies Act (2015),https://sseinitiative.org/securities-regulator/kenyan-companies-act-2015/,Kenya,Kenyan Companies Act (2015),"About the SSE Regulator Database ➞
Kenya
Kenyan Companies Act (2015)
The Kenyan Companies Act 2015 requires listed companies to prepare a business review for the company and include it in the directors’ report. This review should describe the main trends and factors likely to affect the future development, performance and position of the business, and should provide information about environmental matters, employees, and social and community issues. In addition, under Kenya’s capital market regulations, issuers are required to annually report to Kenya’s Capital Markets Authority and to stakeholders on how they have implemented the Code of Corporate Governance Practices for Issuers of Securities to the Public, 2015.

Similar Posts
Croatia
Guidelines for the Preparation and Disclosure of ESG Relevant Issuer Information

The Guidelines for the Preparation and Disclosure of ESG Relevant Issuer Information are intended for issuers on the regulated market of …

Brazil
Sustainable CVM: The impact of your investments (2020)

The Securities and Exchange Commission (CVM) launched the “Sustainable CVM Series”, a new series of guidance documents on sustainable finance. In …"
https://sseinitiative.org/wp-content/uploads/2019/08/south-korea-wpcf_32x32.png,south-korea,Korea (Republic of),National Pension Service Act (2015),https://sseinitiative.org/securities-regulator/national-pension-service-act-2015/,Korea (Republic of),National Pension Service Act (2015),"About the SSE Regulator Database ➞
Korea (Republic of)
National Pension Service Act (2015)
A 2015 amendment to the South Korean National Pension Service Act requires the National Pension Service to take account of ESG issues in investment decisions and, if not, to explain why not. The National Pension Service must consider responsible investment factors such as ESG issues in exercising its voting rights, and must disclose its votes.

Similar Posts
Croatia
Guidelines for the Preparation and Disclosure of ESG Relevant Issuer Information

The Guidelines for the Preparation and Disclosure of ESG Relevant Issuer Information are intended for issuers on the regulated market of …

Brazil
Sustainable CVM: The impact of your investments (2020)

The Securities and Exchange Commission (CVM) launched the “Sustainable CVM Series”, a new series of guidance documents on sustainable finance. In …"
https://sseinitiative.org/wp-content/uploads/2019/08/malaysia-wpcf_32x32.png,malaysia,Malaysia,Capacity-building programmes (2017),https://sseinitiative.org/securities-regulator/capacity-building-programmes-2017/,Malaysia,Capacity-building programmes (2017),"About the SSE Regulator Database ➞
Malaysia
Capacity-building programmes (2017)
The Securities Commission Malaysia has organised various capacity-building programmes and international conferences to develop greater market understanding of sustainable finance. A working group comprising the Securities Commission Malaysia, Bank Negara Malaysia and the World Bank Group has been formed to strengthen Malaysia’s green sukuk/finance ecosystem and build pipelines of green sukuk issuers to finance green projects and initiatives. In 2017, the Securities Commission Malaysia and its promotion arm, Capital Markets Malaysia, organized a series of workshops on green finance for investment banks and corporates in Malaysia, and Securities Commission Malaysia co-hosted the 2017 Responsible Investment Forum with the PRI.

Similar Posts
Croatia
Guidelines for the Preparation and Disclosure of ESG Relevant Issuer Information

The Guidelines for the Preparation and Disclosure of ESG Relevant Issuer Information are intended for issuers on the regulated market of …

Brazil
Sustainable CVM: The impact of your investments (2020)

The Securities and Exchange Commission (CVM) launched the “Sustainable CVM Series”, a new series of guidance documents on sustainable finance. In …"
https://sseinitiative.org/wp-content/uploads/2019/08/malaysia-wpcf_32x32.png,malaysia,Malaysia,Capacity-building programmes (2018),https://sseinitiative.org/securities-regulator/capacity-building-programmes-2018/,Malaysia,Capacity-building programmes (2018),"About the SSE Regulator Database ➞
Malaysia
Capacity-building programmes (2018)
The Securities Commission Malaysia has organised various capacity-building programmes and international conferences to develop greater market understanding of sustainable finance. In 2018, Securities Commission Malaysia, the World Bank Group Global Knowledge and Research Hub in Malaysia and the International Organization of Securities Commissions (IOSCO) Asia Pacific Hub co-hosted a conference on “Harnessing Islamic Finance for a Green Future” to discuss the key policy, regulatory and institutional elements needed to further increase market adoption of Islamic finance for climate mitigation and adaptation efforts.

Similar Posts
Croatia
Guidelines for the Preparation and Disclosure of ESG Relevant Issuer Information

The Guidelines for the Preparation and Disclosure of ESG Relevant Issuer Information are intended for issuers on the regulated market of …

Brazil
Sustainable CVM: The impact of your investments (2020)

The Securities and Exchange Commission (CVM) launched the “Sustainable CVM Series”, a new series of guidance documents on sustainable finance. In …"
https://sseinitiative.org/wp-content/uploads/2019/08/malaysia-wpcf_32x32.png,malaysia,Malaysia,Guidelines on Sustainable and Responsible Investment Funds (2017),https://sseinitiative.org/securities-regulator/guidelines-on-sustainable-and-responsible-investment-funds-2017/,Malaysia,Guidelines on Sustainable and Responsible Investment Funds (2017),"About the SSE Regulator Database ➞
Malaysia
Guidelines on Sustainable and Responsible Investment Funds (2017)
In late 2017, the Securities Commission Malaysia issued Guidelines on Sustainable and Responsible Investment Funds to facilitate and encourage greater growth of these funds in Malaysia. The guidelines require that sustainable and responsible investment funds adopt, in their investment policies and strategies, one or more sustainability considerations such as the UN Global Compact Principles, one or more of the SDGs, or other ESG factors. The guidelines also impose additional disclosure and reporting requirements on these funds.

Malaysia has several incentives in place to attract green issuers, including tax deductions on the issuance costs of sustainable and responsible investment sukuks, and a Green Sustainable and Responsible Investment Sukuk Grant Scheme, which is tax-exempted, to finance third-party reviews.

Similar Posts
Croatia
Guidelines for the Preparation and Disclosure of ESG Relevant Issuer Information

The Guidelines for the Preparation and Disclosure of ESG Relevant Issuer Information are intended for issuers on the regulated market of …

Brazil
Sustainable CVM: The impact of your investments (2020)

The Securities and Exchange Commission (CVM) launched the “Sustainable CVM Series”, a new series of guidance documents on sustainable finance. In …"
https://sseinitiative.org/wp-content/uploads/2019/08/malaysia-wpcf_32x32.png,malaysia,Malaysia,Malaysian Code for Institutional Investors (2014),https://sseinitiative.org/securities-regulator/malaysian-code-for-institutional-investors-2014/,Malaysia,Malaysian Code for Institutional Investors (2014),"About the SSE Regulator Database ➞
Malaysia
Malaysian Code for Institutional Investors (2014)
In 2014, the Securities Commission Malaysia and the Minority Shareholder Watchdog Group launched the Malaysian Code for Institutional Investors, a code and set of best practices collectively developed by Malaysia’s largest institutional investors. The Code sets out broad principles of effective stewardship for institutional investors, including the disclosure of stewardship policies, the monitoring of and engagement with investee companies, and the management of conflicts of interest. Principle 5 of the code encourages institutional investors to incorporate corporate governance and sustainability considerations into their investment decision-making process, and to develop a policy on how they incorporate sustainability considerations into their investment analysis and decision-making.

Similar Posts
Croatia
Guidelines for the Preparation and Disclosure of ESG Relevant Issuer Information

The Guidelines for the Preparation and Disclosure of ESG Relevant Issuer Information are intended for issuers on the regulated market of …

Brazil
Sustainable CVM: The impact of your investments (2020)

The Securities and Exchange Commission (CVM) launched the “Sustainable CVM Series”, a new series of guidance documents on sustainable finance. In …"
https://sseinitiative.org/wp-content/uploads/2019/08/malaysia-wpcf_32x32.png,malaysia,Malaysia,Malaysian Code on Corporate Governance (2017),https://sseinitiative.org/securities-regulator/malaysian-code-on-corporate-governance-2017/,Malaysia,Malaysian Code on Corporate Governance (2017),"About the SSE Regulator Database ➞
Malaysia
Malaysian Code on Corporate Governance (2017)
The Malaysian Code on Corporate Governance, issued by the Securities Commission Malaysia states that: “A diverse board can offer greater depth and breadth compared to non-diverse boards…In pursuing its gender diversity agenda, each company should take steps to ensure that women candidates are sought in its recruitment exercise for board and senior management positions.”

The code also states: “While large companies are required to have 30% women directors, other boards should also work towards achieving this target.” Furthermore, in discharging their responsibilities, boards are expected to ensure that their company’s strategic plan supports long-term value creation and includes strategies on economic, environmental and social considerations underpinning sustainability.

Similar Posts
Croatia
Guidelines for the Preparation and Disclosure of ESG Relevant Issuer Information

The Guidelines for the Preparation and Disclosure of ESG Relevant Issuer Information are intended for issuers on the regulated market of …

Brazil
Sustainable CVM: The impact of your investments (2020)

The Securities and Exchange Commission (CVM) launched the “Sustainable CVM Series”, a new series of guidance documents on sustainable finance. In …"
https://sseinitiative.org/wp-content/uploads/2019/08/malaysia-wpcf_32x32.png,malaysia,Malaysia,Sustainable and Responsible Investment Sukuk Framework (2014),https://sseinitiative.org/securities-regulator/sustainable-and-responsible-investment-sukuk-framework/,Malaysia,Sustainable and Responsible Investment Sukuk Framework (2014),"About the SSE Regulator Database ➞
Malaysia
Sustainable and Responsible Investment Sukuk Framework (2014)
In 2014, the Securities Commission Malaysia established its Sustainable and Responsible Investment Sukuk Framework to facilitate the financing of sustainable and responsible investment initiatives. This framework provides guidance for the issuance of sukuk for green, social and sustainability projects and, in 2017, the world’s first green sukuk was issued in Malaysia under this Framework.

Malaysia has several incentives in place to attract green issuers, including tax deductions on the issuance costs of sustainable and responsible investment sukuks, and a Green Sustainable and Responsible Investment Sukuk Grant Scheme, which is tax-exempted, to finance third-party reviews.

Similar Posts
Croatia
Guidelines for the Preparation and Disclosure of ESG Relevant Issuer Information

The Guidelines for the Preparation and Disclosure of ESG Relevant Issuer Information are intended for issuers on the regulated market of …

Brazil
Sustainable CVM: The impact of your investments (2020)

The Securities and Exchange Commission (CVM) launched the “Sustainable CVM Series”, a new series of guidance documents on sustainable finance. In …"
https://sseinitiative.org/wp-content/uploads/2019/08/morocco-wpcf_32x32.png,morocco,Morocco,Consultation on rules governing disclosure requirements (2016),https://sseinitiative.org/securities-regulator/consultation-on-rules-governing-disclosure-requirements-2016/,Morocco,Consultation on rules governing disclosure requirements (2016),"About the SSE Regulator Database ➞
Morocco
Consultation on rules governing disclosure requirements (2016)
As one of the commitments under the 2016 roadmap for aligning the Moroccan financial sector with sustainable development,68 the Moroccan Capital Market Authority (AMMC) has consulted on how the rules governing the disclosure requirements of publicly traded companies should evolve to integrate sustainability-related information. The proposals have been informed by international best practices including the TCFD recommendations.

Similar Posts
Croatia
Guidelines for the Preparation and Disclosure of ESG Relevant Issuer Information

The Guidelines for the Preparation and Disclosure of ESG Relevant Issuer Information are intended for issuers on the regulated market of …

Brazil
Sustainable CVM: The impact of your investments (2020)

The Securities and Exchange Commission (CVM) launched the “Sustainable CVM Series”, a new series of guidance documents on sustainable finance. In …"
https://sseinitiative.org/wp-content/uploads/2019/08/morocco-wpcf_32x32.png,morocco,Morocco,"Guidelines on green, social and sustainable bonds (2018)",https://sseinitiative.org/securities-regulator/guidelines-on-green-social-and-sustainable-bonds-2018/,Morocco,"Guidelines on green, social and sustainable bonds (2018)","About the SSE Regulator Database ➞
Morocco
Guidelines on green, social and sustainable bonds (2018)
In 2018, the Moroccan Capital Market Authority (AMMC), with the support of the International Finance Corporation (IFC), issued guidelines on green, social and sustainable bonds. The guidelines provide an overview of the principles that issuers need to comply with, and provides guidance on the actions to be taken to have these bonds certified.

Similar Posts
Croatia
Guidelines for the Preparation and Disclosure of ESG Relevant Issuer Information

The Guidelines for the Preparation and Disclosure of ESG Relevant Issuer Information are intended for issuers on the regulated market of …

Brazil
Sustainable CVM: The impact of your investments (2020)

The Securities and Exchange Commission (CVM) launched the “Sustainable CVM Series”, a new series of guidance documents on sustainable finance. In …"
https://sseinitiative.org/wp-content/uploads/2019/08/morocco-wpcf_32x32.png,morocco,Morocco,roadmap for aligning the Moroccan financial sector with sustainable development (2016),https://sseinitiative.org/securities-regulator/roadmap-for-aligning-the-moroccan-financial-sector-with-sustainable-development-2016/,Morocco,roadmap for aligning the Moroccan financial sector with sustainable development (2016),"About the SSE Regulator Database ➞
Morocco
roadmap for aligning the Moroccan financial sector with sustainable development (2016)
In 2016, on the occasion of the Moroccan Presidency of the COP22 UN climate talks, Bank Al-Maghrib, with the contribution of the Moroccan Capital Market Authority, the Supervisory Authority of Insurance and Social Welfare, the Moroccan Ministry of Economy and Finances, the Casablanca Finance City Authority, the Casablanca Stock Exchange, the Moroccan Banking Association and the Moroccan Federation of Insurance and Reinsurance Companies published a roadmap for aligning the Moroccan financial sector with sustainable development.

The roadmap proposed actions in five areas: extending risk-based governance to socio-environmental risks; developing sustainable financial tools and products; promoting financial inclusion as a driver for sustainable development; capacity-building in the field of sustainable finance; and transparency and market discipline. A committee involving the main financial market regulators meets on a regular basis to monitor progress on the implementation of these commitments.

Similar Posts
Croatia
Guidelines for the Preparation and Disclosure of ESG Relevant Issuer Information

The Guidelines for the Preparation and Disclosure of ESG Relevant Issuer Information are intended for issuers on the regulated market of …

Brazil
Sustainable CVM: The impact of your investments (2020)

The Securities and Exchange Commission (CVM) launched the “Sustainable CVM Series”, a new series of guidance documents on sustainable finance. In …"
https://sseinitiative.org/wp-content/uploads/2019/08/morocco-wpcf_32x32.png,morocco,Morocco,Training on sustainable finance (2018),https://sseinitiative.org/securities-regulator/training-on-sustainable-finance-2018/,Morocco,Training on sustainable finance (2018),"About the SSE Regulator Database ➞
Morocco
Training on sustainable finance (2018)
Capacity building is one of the five pillars of the 2016 Roadmap for aligning the Moroccan financial sector with sustainable development. In 2018, the Moroccan Capital Market Authority included a module on sustainable finance in its professionals’ licensing framework. Its other efforts to increase awareness and understanding of sustainable finance have included presentations and workshops for market participants and stakeholders, explaining how they can contribute to national goals on sustainable finance and sustainability.

Similar Posts
Croatia
Guidelines for the Preparation and Disclosure of ESG Relevant Issuer Information

The Guidelines for the Preparation and Disclosure of ESG Relevant Issuer Information are intended for issuers on the regulated market of …

Brazil
Sustainable CVM: The impact of your investments (2020)

The Securities and Exchange Commission (CVM) launched the “Sustainable CVM Series”, a new series of guidance documents on sustainable finance. In …"
https://sseinitiative.org/wp-content/uploads/2019/08/netherlands-wpcf_32x32.png,netherlands,Netherlands,Sustainable Finance Platform (2016),https://sseinitiative.org/securities-regulator/sustainable-finance-platform-2016/,Netherlands,Sustainable Finance Platform (2016),"About the SSE Regulator Database ➞
Netherlands
Sustainable Finance Platform (2016)
The Dutch Sustainable Finance Platform is a cooperative venture involving De Nederlandsche Bank (the Dutch central bank, which also chairs the platform), the Dutch Banking Association, the Dutch Association of Insurers, the Federation of the Dutch Pension Funds, the Dutch Fund and Asset Management Association, the Dutch Authority for the Financial Markets (AFM), the Ministry of Finance, the Ministry of Infrastructure and the Environment, and the Sustainable Finance Lab. The aim of this platform, set up by De Nederlandsche Bank in 2016, is to forge cross-sectoral links, to find ways to prevent or overcome obstacles to sustainable funding, and to encourage sustainability by working together on specific topics. The platform has produced or supported reports on SDG impact indicators, carbon accounting for the financial sector and climate risk.

Similar Posts
Croatia
Guidelines for the Preparation and Disclosure of ESG Relevant Issuer Information

The Guidelines for the Preparation and Disclosure of ESG Relevant Issuer Information are intended for issuers on the regulated market of …

Brazil
Sustainable CVM: The impact of your investments (2020)

The Securities and Exchange Commission (CVM) launched the “Sustainable CVM Series”, a new series of guidance documents on sustainable finance. In …"
https://sseinitiative.org/wp-content/uploads/2019/08/netherlands-wpcf_32x32.png,netherlands,Netherlands,Training programme on sustainable finance (2018),https://sseinitiative.org/securities-regulator/training-programme-on-sustainable-finance-2018/,Netherlands,Training programme on sustainable finance (2018),"About the SSE Regulator Database ➞
Netherlands
Training programme on sustainable finance (2018)
The Rotterdam School of Management has developed an executive training programme on sustainable finance.This was undertaken at the request of the Dutch Sustainable Finance Platform, a cooperative venture involving, among others, the Dutch Central Bank, the Dutch Association of Insurers, the Federation of the Dutch Pension Funds, the Dutch Authority for the Financial Markets, the Ministry of Finance, and the Ministry of Infrastructure and the Environment.

Similar Posts
Croatia
Guidelines for the Preparation and Disclosure of ESG Relevant Issuer Information

The Guidelines for the Preparation and Disclosure of ESG Relevant Issuer Information are intended for issuers on the regulated market of …

Brazil
Sustainable CVM: The impact of your investments (2020)

The Securities and Exchange Commission (CVM) launched the “Sustainable CVM Series”, a new series of guidance documents on sustainable finance. In …"
https://sseinitiative.org/wp-content/uploads/2019/08/new-zealand-wpcf_32x32.png,new-zealand,New Zealand,Corporate Governance Handbook (2018),https://sseinitiative.org/securities-regulator/corporate-governance-handbook-2018/,New Zealand,Corporate Governance Handbook (2018),"About the SSE Regulator Database ➞
New Zealand
Corporate Governance Handbook (2018)
The New Zealand Financial Market Authority Corporate Governance Handbook provides guidance on corporate governance to non-listed companies and other entities involved in New Zealand’s financial markets. These include companies wanting to raise capital and/or list on the New Zealand Stock Exchange (NZX) in the future, companies providing financial services, state-owned enterprises, large nongovernment organisations, not-for-profit organisations, and other companies.

The handbook encourages these companies and entities to disclose policies and performance relating to ESG issues, to identify financially material social and environmental issues, and to describe their performance against their strategic goals. It notes that entities can adopt a formal framework such as the GRI guidelines or the International Integrated Reporting Framework to guide their reporting.

Similar Posts
Croatia
Guidelines for the Preparation and Disclosure of ESG Relevant Issuer Information

The Guidelines for the Preparation and Disclosure of ESG Relevant Issuer Information are intended for issuers on the regulated market of …

Brazil
Sustainable CVM: The impact of your investments (2020)

The Securities and Exchange Commission (CVM) launched the “Sustainable CVM Series”, a new series of guidance documents on sustainable finance. In …"
https://sseinitiative.org/wp-content/uploads/2019/08/peru-wpcf_32x32.png,peru,Peru,Mandatory Requirements (2014),https://sseinitiative.org/securities-regulator/mandatory-requirements-2014/,Peru,Mandatory Requirements (2014),"About the SSE Regulator Database ➞
Peru
Mandatory Requirements (2014)
The Peruvian Superintendency of Securities Markets (SMV) has introduced mandatory requirements for all publicly listed companies to publish, as an annex to their annual reports, details of actions they have taken to manage sustainability related risks associated with their operations. In June 2014, SMV issued Resolution SMV N°012-2014, which requires these companies to disclose corporate governance matters based on the principles of the Peruvian Corporate Governance Code. In 2015, it extended these requirements by issuing Resolution SMV 033-2015 to require reporting, on a comply-or-explain basis, on material environmental and social factors.

Similar Posts
Croatia
Guidelines for the Preparation and Disclosure of ESG Relevant Issuer Information

The Guidelines for the Preparation and Disclosure of ESG Relevant Issuer Information are intended for issuers on the regulated market of …

Brazil
Sustainable CVM: The impact of your investments (2020)

The Securities and Exchange Commission (CVM) launched the “Sustainable CVM Series”, a new series of guidance documents on sustainable finance. In …"
https://sseinitiative.org/wp-content/uploads/2019/08/south-africa-wpcf_32x32.png,south-africa,South Africa,Listing requirements for board diversity (2017),https://sseinitiative.org/securities-regulator/listing-requirements-for-board-diversity-2017/,South Africa,Listing requirements for board diversity (2017),"About the SSE Regulator Database ➞
South Africa
Listing requirements for board diversity (2017)
The Johannesburg Stock Exchange requires listed companies to have policies in place to promote racial and gender diversity at board level, and to report on progress against these policies.

Similar Posts
Croatia
Guidelines for the Preparation and Disclosure of ESG Relevant Issuer Information

The Guidelines for the Preparation and Disclosure of ESG Relevant Issuer Information are intended for issuers on the regulated market of …

Brazil
Sustainable CVM: The impact of your investments (2020)

The Securities and Exchange Commission (CVM) launched the “Sustainable CVM Series”, a new series of guidance documents on sustainable finance. In …"
https://sseinitiative.org/wp-content/uploads/2019/08/south-africa-wpcf_32x32.png,south-africa,South Africa,South African Companies Act (2008),https://sseinitiative.org/securities-regulator/south-african-companies-act/,South Africa,South African Companies Act (2008),"About the SSE Regulator Database ➞
South Africa
South African Companies Act (2008)
The South African Companies Act (Section 72), which requires all state-owned and listed companies to have a sub-committee responsible for social and ethics issues. This includes the requirement to monitor the company’s activities with regard to matters relating to social and economic development, the United Nations Global Compact, corruption, equality, non-discrimination, black economic empowerment, community development, and labour and employment matters.

Similar Posts
Croatia
Guidelines for the Preparation and Disclosure of ESG Relevant Issuer Information

The Guidelines for the Preparation and Disclosure of ESG Relevant Issuer Information are intended for issuers on the regulated market of …

Brazil
Sustainable CVM: The impact of your investments (2020)

The Securities and Exchange Commission (CVM) launched the “Sustainable CVM Series”, a new series of guidance documents on sustainable finance. In …"
https://sseinitiative.org/wp-content/uploads/2019/08/south-africa-wpcf_32x32.png,south-africa,South Africa,The King Code on Corporate Governance (2016),https://sseinitiative.org/securities-regulator/the-king-code-on-corporate-governance/,South Africa,The King Code on Corporate Governance (2016),"About the SSE Regulator Database ➞
South Africa
The King Code on Corporate Governance (2016)
The King Code on Corporate Governance, which in its second iteration in 2002 identified sustainability as key to good governance. King IV (2016) noted that an organisation’s core purpose, its risks and opportunities, strategy, business model, performance and sustainability are inseparable elements of the value creation process. The incorporation of the code into the listing requirements of the Johannesburg Stock Exchange since 2004 has given the principles regulatory weight.

Similar Posts
Croatia
Guidelines for the Preparation and Disclosure of ESG Relevant Issuer Information

The Guidelines for the Preparation and Disclosure of ESG Relevant Issuer Information are intended for issuers on the regulated market of …

Brazil
Sustainable CVM: The impact of your investments (2020)

The Securities and Exchange Commission (CVM) launched the “Sustainable CVM Series”, a new series of guidance documents on sustainable finance. In …"
https://sseinitiative.org/wp-content/uploads/2019/08/sweden-wpcf_32x32.png,sweden,Sweden,Requirements for state-owned companies (2012),https://sseinitiative.org/securities-regulator/requirements-for-state-owned-companies-2012/,Sweden,Requirements for state-owned companies (2012),"About the SSE Regulator Database ➞
Sweden
Requirements for state-owned companies (2012)
The Swedish Ministry of Enterprise requires state-owned companies to publish sustainability reports using the GRI guidelines. In 2012, it extended these requirements by asking state-owned companies to set sustainability goals, and to report on them by 2014.

Similar Posts
Croatia
Guidelines for the Preparation and Disclosure of ESG Relevant Issuer Information

The Guidelines for the Preparation and Disclosure of ESG Relevant Issuer Information are intended for issuers on the regulated market of …

Brazil
Sustainable CVM: The impact of your investments (2020)

The Securities and Exchange Commission (CVM) launched the “Sustainable CVM Series”, a new series of guidance documents on sustainable finance. In …"
https://sseinitiative.org/wp-content/uploads/2019/08/turkey-wpcf_32x32.png,turkey,Türkiye,Corporate Governance Communique (2014),https://sseinitiative.org/securities-regulator/corporate-governance-communique-2014/,Türkiye,Corporate Governance Communique (2014),"About the SSE Regulator Database ➞
Türkiye
Corporate Governance Communique (2014)
In 2014, the Capital Markets Board of Turkey issued a Corporate Governance Communique, which established disclosure requirements for listed companies. Listed companies are required to provide information on whether they have implemented principles of corporate governance set forth by the regulator and, if not, the reasons why and an explanation of whether the company intends to meet these principles in the future. Annex 1 (Clause 4.3.9, a voluntary provision) to the communique states that companies shall set a target of not less than 25% for the proportion of women on the board of directors and a date for achieving this target. Companies’ board are required to annually evaluate the progress towards achieving this target.

Similar Posts
Croatia
Guidelines for the Preparation and Disclosure of ESG Relevant Issuer Information

The Guidelines for the Preparation and Disclosure of ESG Relevant Issuer Information are intended for issuers on the regulated market of …

Brazil
Sustainable CVM: The impact of your investments (2020)

The Securities and Exchange Commission (CVM) launched the “Sustainable CVM Series”, a new series of guidance documents on sustainable finance. In …"
https://sseinitiative.org/wp-content/uploads/2019/08/turkey-wpcf_32x32.png,turkey,Türkiye,Corporate Governance Principles & Guidance (2014),https://sseinitiative.org/securities-regulator/corporate-governance-principles-guidance-2014/,Türkiye,Corporate Governance Principles & Guidance (2014),"About the SSE Regulator Database ➞
Türkiye
Corporate Governance Principles & Guidance (2014)
As part of the 2014 revisions to the Corporate Governance Principles issued by the Turkish Capital Markets Board (CMB), listed companies are asked to provide information in their annual reports on: social rights, in-house training, health and safety, corporate social responsibility initiatives, and social and environmental performance. To support the implementation of the principles, an online corporate governance reporting framework is being developed by the CMB and the European Bank for Reconstruction and Development (EBRD). The framework will also encourage companies to provide additional information on their ESG-related practices and performance.

Similar Posts
Croatia
Guidelines for the Preparation and Disclosure of ESG Relevant Issuer Information

The Guidelines for the Preparation and Disclosure of ESG Relevant Issuer Information are intended for issuers on the regulated market of …

Brazil
Sustainable CVM: The impact of your investments (2020)

The Securities and Exchange Commission (CVM) launched the “Sustainable CVM Series”, a new series of guidance documents on sustainable finance. In …"
https://sseinitiative.org/wp-content/uploads/2019/08/turkey-wpcf_32x32.png,turkey,Türkiye,Turkish Sustainability Platform (2013),https://sseinitiative.org/securities-regulator/turkish-sustainability-platform-2013/,Türkiye,Turkish Sustainability Platform (2013),"About the SSE Regulator Database ➞
Türkiye
Turkish Sustainability Platform (2013)
The members of the Turkish Sustainability Platform, which was launched in 2013, include the Capital Markets Board of Turkey, Borsa Istanbul, industry associations and non-governmental organisations. The aim of the platform is to create a multi-stakeholder network to enable the realisation of sustainability activities and to facilitate discussions on future joint steps in the field of sustainability. The platform works to increase awareness and knowledge regarding sustainability. It supports efforts to ensure that sustainability issues are included in relevant legislation and regulations, it promotes sustainability practices, and it enables collaboration with related international agencies.

Similar Posts
Croatia
Guidelines for the Preparation and Disclosure of ESG Relevant Issuer Information

The Guidelines for the Preparation and Disclosure of ESG Relevant Issuer Information are intended for issuers on the regulated market of …

Brazil
Sustainable CVM: The impact of your investments (2020)

The Securities and Exchange Commission (CVM) launched the “Sustainable CVM Series”, a new series of guidance documents on sustainable finance. In …"
https://sseinitiative.org/wp-content/uploads/2019/08/united-kingdom-wpcf_32x32.png,united-kingdom,United Kingdom of Great Britain and Northern Ireland,Analysis of corporate practice,https://sseinitiative.org/securities-regulator/analysis-of-corporate-practice/,United Kingdom of Great Britain and Northern Ireland,Analysis of corporate practice,"About the SSE Regulator Database ➞
United Kingdom of Great Britain and Northern Ireland
Analysis of corporate practice
A number of regulators publish reviews and reports analysing various aspects of corporate practice and of regulatory implementation. For example, the UK Financial Reporting Council annual report contains information on the implementation of the UK Corporate Governance and Stewardship Codes and related developments.

Similar Posts
Croatia
Guidelines for the Preparation and Disclosure of ESG Relevant Issuer Information

The Guidelines for the Preparation and Disclosure of ESG Relevant Issuer Information are intended for issuers on the regulated market of …

Brazil
Sustainable CVM: The impact of your investments (2020)

The Securities and Exchange Commission (CVM) launched the “Sustainable CVM Series”, a new series of guidance documents on sustainable finance. In …"
https://sseinitiative.org/wp-content/uploads/2019/08/united-kingdom-wpcf_32x32.png,united-kingdom,United Kingdom of Great Britain and Northern Ireland,Analysis of regulatory roadblocks (2018),https://sseinitiative.org/securities-regulator/analysis-of-regulatory-roadblocks-2018/,United Kingdom of Great Britain and Northern Ireland,Analysis of regulatory roadblocks (2018),"About the SSE Regulator Database ➞
United Kingdom of Great Britain and Northern Ireland
Analysis of regulatory roadblocks (2018)
The UK Financial Conduct Authority (FCA) has analysed whether there are any barriers in its rules that could hold back the development of the social investment market in the UK. The FCA has also been working alongside the Department for Environment, Food and Rural Affairs (DEFRA) and financial regulators to develop a more joined-up approach to climate change-related issues. This has included a workshop the FCA held on climate change and green finance in early May 2018. Attendees included members of the Green Finance Taskforce, the Bank of England, the Pensions Regulator, DEFRA and HM Treasury

Similar Posts
Croatia
Guidelines for the Preparation and Disclosure of ESG Relevant Issuer Information

The Guidelines for the Preparation and Disclosure of ESG Relevant Issuer Information are intended for issuers on the regulated market of …

Brazil
Sustainable CVM: The impact of your investments (2020)

The Securities and Exchange Commission (CVM) launched the “Sustainable CVM Series”, a new series of guidance documents on sustainable finance. In …"
https://sseinitiative.org/wp-content/uploads/2019/08/united-kingdom-wpcf_32x32.png,united-kingdom,United Kingdom of Great Britain and Northern Ireland,UK Corporate Governance Code (2018),https://sseinitiative.org/securities-regulator/uk-corporate-governance-code-2018/,United Kingdom of Great Britain and Northern Ireland,UK Corporate Governance Code (2018),"About the SSE Regulator Database ➞
United Kingdom of Great Britain and Northern Ireland
UK Corporate Governance Code (2018)
The UK Corporate Governance Code issued by the Financial Reporting Council states that: “Remuneration policies and practices should be designed to support strategy and promote longterm sustainable success. Executive remuneration should be aligned to company purpose and values, and be clearly linked to the successful delivery of the company’s long-term strategy.”

Similar Posts
Croatia
Guidelines for the Preparation and Disclosure of ESG Relevant Issuer Information

The Guidelines for the Preparation and Disclosure of ESG Relevant Issuer Information are intended for issuers on the regulated market of …

Brazil
Sustainable CVM: The impact of your investments (2020)

The Securities and Exchange Commission (CVM) launched the “Sustainable CVM Series”, a new series of guidance documents on sustainable finance. In …"
https://sseinitiative.org/wp-content/uploads/2019/08/united-states-wpcf_32x32.png,united-states,United States of America,Field Assistance Bulletin relating to ESG issues and shareholder rights for benefit plans (2018),https://sseinitiative.org/securities-regulator/field-assistance-bulletin-relating-to-esg-issues-and-shareholder-rights-for-benefit-plans/,United States of America,Field Assistance Bulletin relating to ESG issues and shareholder rights for benefit plans (2018),"About the SSE Regulator Database ➞
United States of America
Field Assistance Bulletin relating to ESG issues and shareholder rights for benefit plans (2018)
In 2018, the US Department of Labor (DoL) issued a Field Assistance Bulletin relating to ESG issues and shareholder rights for benefit plans under the Employee Retirement Income Security Act 1974 (ERISA). ERISA establishes minimum standards that govern the operation of private sector employee benefit plans, including fiduciary responsibility rules.

The 2018 Bulletin confirms the principles set out in Interpretive Bulletins issued by the DoL in 2015 and 2016, noting that (a) ESG factors are an appropriate component of a prudent investment decision so long as they are financially material, and (b) shareholder engagement in connection with economically relevant issues is consistent with fiduciary practice. It also confirms that, when ESG issues present financially material business risks or opportunities to companies, these issues should be considered by a prudent fiduciary along with other relevant economic factors to evaluate the risk and return profiles of alternative investments.

Similar Posts
Croatia
Guidelines for the Preparation and Disclosure of ESG Relevant Issuer Information

The Guidelines for the Preparation and Disclosure of ESG Relevant Issuer Information are intended for issuers on the regulated market of …

Brazil
Sustainable CVM: The impact of your investments (2020)

The Securities and Exchange Commission (CVM) launched the “Sustainable CVM Series”, a new series of guidance documents on sustainable finance. In …"
